Workbook

Sheet Activity_Counts
A1: sensor | B1: message | C1: t1_count | D1: t2_count | E1: t3_count | F1: t4_count | G1: t5_count | H1: total | J1: not_t1 | K1: not_t2 | L1: not_t3 | M1: not_t4 | N1: not_t5
A2: AD1-A | B2: ACTIVE | C2: =SUM(C3:C8) -> 0 | D2: =SUM(D3:D8) -> 0 | E2: =SUM(E3:E8) -> 397 | F2: =SUM(F3:F8) -> 3 | G2: =SUM(G3:G8) -> 1 | H2: =SUM(C2:G2) -> 401 | J2: =H2-C2 -> 401 | K2: =H2-D2 -> 401 | L2: =H2-E2 -> 4 | M2: =H2-F2 -> 398 | N2: =H2-G2 -> 400
A3: AD1-A | B3: BIN_0 | C3: 0 | D3: 0 | E3: 29 | F3: 1 | G3: 1 | H3: =SUM(C3:G3) -> 31 | J3: =H3-C3 -> 31 | K3: =H3-D3 -> 31 | L3: =H3-E3 -> 2 | M3: =H3-F3 -> 30 | N3: =H3-G3 -> 30
A4: AD1-A | B4: BIN_1 | C4: 0 | D4: 0 | E4: 68 | F4: 2 | G4: 0 | H4: =SUM(C4:G4) -> 70 | J4: =H4-C4 -> 70 | K4: =H4-D4 -> 70 | L4: =H4-E4 -> 2 | M4: =H4-F4 -> 68 | N4: =H4-G4 -> 70
A5: AD1-A | B5: BIN_2 | C5: 0 | D5: 0 | E5: 111 | F5: 0 | G5: 0 | H5: =SUM(C5:G5) -> 111 | J5: =H5-C5 -> 111 | K5: =H5-D5 -> 111 | L5: =H5-E5 -> 0 | M5: =H5-F5 -> 111 | N5: =H5-G5 -> 111
A6: AD1-A | B6: BIN_3 | C6: 0 | D6: 0 | E6: 88 | F6: 0 | G6: 0 | H6: =SUM(C6:G6) -> 88 | J6: =H6-C6 -> 88 | K6: =H6-D6 -> 88 | L6: =H6-E6 -> 0 | M6: =H6-F6 -> 88 | N6: =H6-G6 -> 88
A7: AD1-A | B7: BIN_4 | C7: 0 | D7: 0 | E7: 67 | F7: 0 | G7: 0 | H7: =SUM(C7:G7) -> 67 | J7: =H7-C7 -> 67 | K7: =H7-D7 -> 67 | L7: =H7-E7 -> 0 | M7: =H7-F7 -> 67 | N7: =H7-G7 -> 67
A8: AD1-A | B8: BIN_5 | C8: 0 | D8: 0 | E8: 34 | F8: 0 | G8: 0 | H8: =SUM(C8:G8) -> 34 | J8: =H8-C8 -> 34 | K8: =H8-D8 -> 34 | L8: =H8-E8 -> 0 | M8: =H8-F8 -> 34 | N8: =H8-G8 -> 34
A9: AD1-B | B9: ACTIVE | C9: =SUM(C10:C16) -> 0 | D9: =SUM(D10:D16) -> 78 | E9: =SUM(E10:E16) -> 108 | F9: =SUM(F10:F16) -> 29 | G9: =SUM(G10:G16) -> 340 | H9: =SUM(C9:G9) -> 555 | J9: =H9-C9 -> 555 | K9: =H9-D9 -> 477 | L9: =H9-E9 -> 447 | M9: =H9-F9 -> 526 | N9: =H9-G9 -> 215
A10: AD1-B | B10: BIN_0 | C10: 0 | D10: 16 | E10: 25 | F10: 7 | G10: 55 | H10: =SUM(C10:G10) -> 103 | J10: =H10-C10 -> 103 | K10: =H10-D10 -> 87 | L10: =H10-E10 -> 78 | M10: =H10-F10 -> 96 | N10: =H10-G10 -> 48
A11: AD1-B | B11: BIN_1 | C11: 0 | D11: 11 | E11: 20 | F11: 6 | G11: 42 | H11: =SUM(C11:G11) -> 79 | J11: =H11-C11 -> 79 | K11: =H11-D11 -> 68 | L11: =H11-E11 -> 59 | M11: =H11-F11 -> 73 | N11: =H11-G11 -> 37
A12: AD1-B | B12: BIN_2 | C12: 0 | D12: 15 | E12: 15 | F12: 8 | G12: 52 | H12: =SUM(C12:G12) -> 90 | J12: =H12-C12 -> 90 | K12: =H12-D12 -> 75 | L12: =H12-E12 -> 75 | M12: =H12-F12 -> 82 | N12: =H12-G12 -> 38
A13: AD1-B | B13: BIN_3 | C13: 0 | D13: 21 | E13: 12 | F13: 5 | G13: 71 | H13: =SUM(C13:G13) -> 109 | J13: =H13-C13 -> 109 | K13: =H13-D13 -> 88 | L13: =H13-E13 -> 97 | M13: =H13-F13 -> 104 | N13: =H13-G13 -> 38
A14: AD1-B | B14: BIN_4 | C14: 0 | D14: 7 | E14: 12 | F14: 1 | G14: 47 | H14: =SUM(C14:G14) -> 67 | J14: =H14-C14 -> 67 | K14: =H14-D14 -> 60 | L14: =H14-E14 -> 55 | M14: =H14-F14 -> 66 | N14: =H14-G14 -> 20
A15: AD1-B | B15: BIN_5 | C15: 0 | D15: 4 | E15: 12 | F15: 0 | G15: 48 | H15: =SUM(C15:G15) -> 64 | J15: =H15-C15 -> 64 | K15: =H15-D15 -> 60 | L15: =H15-E15 -> 52 | M15: =H15-F15 -> 64 | N15: =H15-G15 -> 16
A16: AD1-B | B16: BIN_6 | C16: 0 | D16: 4 | E16: 12 | F16: 2 | G16: 25 | H16: =SUM(C16:G16) -> 43 | J16: =H16-C16 -> 43 | K16: =H16-D16 -> 39 | L16: =H16-E16 -> 31 | M16: =H16-F16 -> 41 | N16: =H16-G16 -> 18
A17: AD1-C | B17: ACTIVE | C17: =SUM(C18:C24) -> 0 | D17: =SUM(D18:D24) -> 21 | E17: =SUM(E18:E24) -> 32 | F17: =SUM(F18:F24) -> 67 | G17: =SUM(G18:G24) -> 135 | H17: =SUM(C17:G17) -> 255 | J17: =H17-C17 -> 255 | K17: =H17-D17 -> 234 | L17: =H17-E17 -> 223 | M17: =H17-F17 -> 188 | N17: =H17-G17 -> 120
A18: AD1-C | B18: BIN_0 | C18: 0 | D18: 4 | E18: 12 | F18: 17 | G18: 30 | H18: =SUM(C18:G18) -> 63 | J18: =H18-C18 -> 63 | K18: =H18-D18 -> 59 | L18: =H18-E18 -> 51 | M18: =H18-F18 -> 46 | N18: =H18-G18 -> 33
A19: AD1-C | B19: BIN_1 | C19: 0 | D19: 2 | E19: 8 | F19: 10 | G19: 21 | H19: =SUM(C19:G19) -> 41 | J19: =H19-C19 -> 41 | K19: =H19-D19 -> 39 | L19: =H19-E19 -> 33 | M19: =H19-F19 -> 31 | N19: =H19-G19 -> 20
A20: AD1-C | B20: BIN_2 | C20: 0 | D20: 3 | E20: 8 | F20: 9 | G20: 37 | H20: =SUM(C20:G20) -> 57 | J20: =H20-C20 -> 57 | K20: =H20-D20 -> 54 | L20: =H20-E20 -> 49 | M20: =H20-F20 -> 48 | N20: =H20-G20 -> 20
A21: AD1-C | B21: BIN_3 | C21: 0 | D21: 3 | E21: 3 | F21: 9 | G21: 16 | H21: =SUM(C21:G21) -> 31 | J21: =H21-C21 -> 31 | K21: =H21-D21 -> 28 | L21: =H21-E21 -> 28 | M21: =H21-F21 -> 22 | N21: =H21-G21 -> 15
A22: AD1-C | B22: BIN_4 | C22: 0 | D22: 5 | E22: 1 | F22: 11 | G22: 15 | H22: =SUM(C22:G22) -> 32 | J22: =H22-C22 -> 32 | K22: =H22-D22 -> 27 | L22: =H22-E22 -> 31 | M22: =H22-F22 -> 21 | N22: =H22-G22 -> 17
A23: AD1-C | B23: BIN_5 | C23: 0 | D23: 3 | E23: 0 | F23: 6 | G23: 5 | H23: =SUM(C23:G23) -> 14 | J23: =H23-C23 -> 14 | K23: =H23-D23 -> 11 | L23: =H23-E23 -> 14 | M23: =H23-F23 -> 8 | N23: =H23-G23 -> 9
A24: AD1-C | B24: BIN_6 | C24: 0 | D24: 1 | E24: 0 | F24: 5 | G24: 11 | H24: =SUM(C24:G24) -> 17 | J24: =H24-C24 -> 17 | K24: =H24-D24 -> 16 | L24: =H24-E24 -> 17 | M24: =H24-F24 -> 12 | N24: =H24-G24 -> 6
A25: D01 | B25: CLOSE | C25: 0 | D25: 1 | E25: 45 | F25: 26 | G25: 28 | H25: =SUM(C25:G25) -> 100 | J25: =H25-C25 -> 100 | K25: =H25-D25 -> 99 | L25: =H25-E25 -> 55 | M25: =H25-F25 -> 74 | N25: =H25-G25 -> 72
A26: D01 | B26: OPEN | C26: 0 | D26: 1 | E26: 48 | F26: 22 | G26: 27 | H26: =SUM(C26:G26) -> 98 | J26: =H26-C26 -> 98 | K26: =H26-D26 -> 97 | L26: =H26-E26 -> 50 | M26: =H26-F26 -> 76 | N26: =H26-G26 -> 71
A27: I01 | B27: ABSENT | C27: 0 | D27: 1 | E27: 27 | F27: 1 | G27: 1 | H27: =SUM(C27:G27) -> 30 | J27: =H27-C27 -> 30 | K27: =H27-D27 -> 29 | L27: =H27-E27 -> 3 | M27: =H27-F27 -> 29 | N27: =H27-G27 -> 29
A28: I01 | B28: PRESENT | C28: 0 | D28: 1 | E28: 10 | F28: 1 | G28: 11 | H28: =SUM(C28:G28) -> 23 | J28: =H28-C28 -> 23 | K28: =H28-D28 -> 22 | L28: =H28-E28 -> 13 | M28: =H28-F28 -> 22 | N28: =H28-G28 -> 12
A29: I02 | B29: ABSENT | C29: 0 | D29: 1 | E29: 24 | F29: 0 | G29: 0 | H29: =SUM(C29:G29) -> 25 | J29: =H29-C29 -> 25 | K29: =H29-D29 -> 24 | L29: =H29-E29 -> 1 | M29: =H29-F29 -> 25 | N29: =H29-G29 -> 25
... A66: asterisk | B66: START | C66: 26 | D66: 0 | E66: 0 | F66: 0 | G66: 0 | H66: =SUM(C66:G66) -> 26 | J66: =H66-C66 -> 0 | K66: =H66-D66 -> 26 | L66: =H66-E66 -> 26 | M66: =H66-F66 -> 26 | N66: =H66-G66 -> 26

Sheet t5
A1: sensor | B1: message | C1: Belief | D1: Disbelief | E1: Uncertainty | F1: Total
A2: AD1-A | B2: ACTIVE | C2: =Activity_Counts!G2/(Activity_Counts!G2+Activity_Counts!N2+5) -> 0.0024630542 | D2: =Activity_Counts!N2/(Activity_Counts!G2+Activity_Counts!N2+5) -> 0.98522167 | E2: =5/(Activity_Counts!G2+Activity_Counts!N2+5) -> 0.012315271 | F2: =SUM(C2:E2) -> 1
A3: AD1-A | B3: BIN_0 | C3: =Activity_Counts!G3/(Activity_Counts!G3+Activity_Counts!N3+5) -> 0.027777778 | D3: =Activity_Counts!N3/(Activity_Counts!G3+Activity_Counts!N3+5) -> 0.83333333 | E3: =5/(Activity_Counts!G3+Activity_Counts!N3+5) -> 0.13888889 | F3: =SUM(C3:E3) -> 1
A4: AD1-A | B4: BIN_1 | C4: =Activity_Counts!G4/(Activity_Counts!G4+Activity_Counts!N4+5) -> 0 | D4: =Activity_Counts!N4/(Activity_Counts!G4+Activity_Counts!N4+5) -> 0.93333333 | E4: =5/(Activity_Counts!G4+Activity_Counts!N4+5) -> 0.066666667 | F4: =SUM(C4:E4) -> 1
A5: AD1-A | B5: BIN_2 | C5: =Activity_Counts!G5/(Activity_Counts!G5+Activity_Counts!N5+5) -> 0 | D5: =Activity_Counts!N5/(Activity_Counts!G5+Activity_Counts!N5+5) -> 0.95689655 | E5: =5/(Activity_Counts!G5+Activity_Counts!N5+5) -> 0.043103448 | F5: =SUM(C5:E5) -> 1
A6: AD1-A | B6: BIN_3 | C6: =Activity_Counts!G6/(Activity_Counts!G6+Activity_Counts!N6+5) -> 0 | D6: =Activity_Counts!N6/(Activity_Counts!G6+Activity_Counts!N6+5) -> 0.94623656 | E6: =5/(Activity_Counts!G6+Activity_Counts!N6+5) -> 0.053763441 | F6: =SUM(C6:E6) -> 1
A7: AD1-A | B7: BIN_4 | C7: =Activity_Counts!G7/(Activity_Counts!G7+Activity_Counts!N7+5) -> 0 | D7: =Activity_Counts!N7/(Activity_Counts!G7+Activity_Counts!N7+5) -> 0.93055556 | E7: =5/(Activity_Counts!G7+Activity_Counts!N7+5) -> 0.069444444 | F7: =SUM(C7:E7) -> 1
A8: AD1-A | B8: BIN_5 | C8: =Activity_Counts!G8/(Activity_Counts!G8+Activity_Counts!N8+5) -> 0 | D8: =Activity_Counts!N8/(Activity_Counts!G8+Activity_Counts!N8+5) -> 0.87179487 | E8: =5/(Activity_Counts!G8+Activity_Counts!N8+5) -> 0.12820513 | F8: =SUM(C8:E8) -> 1
A9: AD1-B | B9: ACTIVE | C9: =Activity_Counts!G9/(Activity_Counts!G9+Activity_Counts!N9+5) -> 0.60714286 | D9: =Activity_Counts!N9/(Activity_Counts!G9+Activity_Counts!N9+5) -> 0.38392857 | E9: =5/(Activity_Counts!G9+Activity_Counts!N9+5) -> 0.0089285714 | F9: =SUM(C9:E9) -> 1
A10: AD1-B | B10: BIN_0 | C10: =Activity_Counts!G10/(Activity_Counts!G10+Activity_Counts!N10+5) -> 0.50925926 | D10: =Activity_Counts!N10/(Activity_Counts!G10+Activity_Counts!N10+5) -> 0.44444444 | E10: =5/(Activity_Counts!G10+Activity_Counts!N10+5) -> 0.046296296 | F10: =SUM(C10:E10) -> 1
A11: AD1-B | B11: BIN_1 | C11: =Activity_Counts!G11/(Activity_Counts!G11+Activity_Counts!N11+5) -> 0.5 | D11: =Activity_Counts!N11/(Activity_Counts!G11+Activity_Counts!N11+5) -> 0.44047619 | E11: =5/(Activity_Counts!G11+Activity_Counts!N11+5) -> 0.05952381 | F11: =SUM(C11:E11) -> 1
A12: AD1-B | B12: BIN_2 | C12: =Activity_Counts!G12/(Activity_Counts!G12+Activity_Counts!N12+5) -> 0.54736842 | D12: =Activity_Counts!N12/(Activity_Counts!G12+Activity_Counts!N12+5) -> 0.4 | E12: =5/(Activity_Counts!G12+Activity_Counts!N12+5) -> 0.052631579 | F12: =SUM(C12:E12) -> 1
A13: AD1-B | B13: BIN_3 | C13: =Activity_Counts!G13/(Activity_Counts!G13+Activity_Counts!N13+5) -> 0.62280702 | D13: =Activity_Counts!N13/(Activity_Counts!G13+Activity_Counts!N13+5) -> 0.33333333 | E13: =5/(Activity_Counts!G13+Activity_Counts!N13+5) -> 0.043859649 | F13: =SUM(C13:E13) -> 1
... A66: asterisk | B66: START | C66: =Activity_Counts!G66/(Activity_Counts!G66+Activity_Counts!N66+5) -> 0 | D66: =Activity_Counts!N66/(Activity_Counts!G66+Activity_Counts!N66+5) -> 0.83870968 | E66: =5/(Activity_Counts!G66+Activity_Counts!N66+5) -> 0.16129032 | F66: =SUM(C66:E66) -> 1

Sheet t4
A1: sensor | B1: message | C1: Belief | D1: Disbelief | E1: Uncertainty | F1: Total
A2: AD1-A | B2: ACTIVE | C2: =Activity_Counts!F2/(Activity_Counts!F2+Activity_Counts!M2+5) -> 0.0073891626 | D2: =Activity_Counts!M2/(Activity_Counts!F2+Activity_Counts!M2+5) -> 0.98029557 | E2: =5/(Activity_Counts!F2+Activity_Counts!M2+5) -> 0.012315271 | F2: =SUM(C2:E2) -> 1
A3: AD1-A | B3: BIN_0 | C3: =Activity_Counts!F3/(Activity_Counts!F3+Activity_Counts!M3+5) -> 0.027777778 | D3: =Activity_Counts!M3/(Activity_Counts!F3+Activity_Counts!M3+5) -> 0.83333333 | E3: =5/(Activity_Counts!F3+Activity_Counts!M3+5) -> 0.13888889 | F3: =SUM(C3:E3) -> 1
A4: AD1-A | B4: BIN_1 | C4: =Activity_Counts!F4/(Activity_Counts!F4+Activity_Counts!M4+5) -> 0.026666667 | D4: =Activity_Counts!M4/(Activity_Counts!F4+Activity_Counts!M4+5) -> 0.90666667 | E4: =5/(Activity_Counts!F4+Activity_Counts!M4+5) -> 0.066666667 | F4: =SUM(C4:E4) -> 1
A5: AD1-A | B5: BIN_2 | C5: =Activity_Counts!F5/(Activity_Counts!F5+Activity_Counts!M5+5) -> 0 | D5: =Activity_Counts!M5/(Activity_Counts!F5+Activity_Counts!M5+5) -> 0.95689655 | E5: =5/(Activity_Counts!F5+Activity_Counts!M5+5) -> 0.043103448 | F5: =SUM(C5:E5) -> 1
A6: AD1-A | B6: BIN_3 | C6: =Activity_Counts!F6/(Activity_Counts!F6+Activity_Counts!M6+5) -> 0 | D6: =Activity_Counts!M6/(Activity_Counts!F6+Activity_Counts!M6+5) -> 0.94623656 | E6: =5/(Activity_Counts!F6+Activity_Counts!M6+5) -> 0.053763441 | F6: =SUM(C6:E6) -> 1
A7: AD1-A | B7: BIN_4 | C7: =Activity_Counts!F7/(Activity_Counts!F7+Activity_Counts!M7+5) -> 0 | D7: =Activity_Counts!M7/(Activity_Counts!F7+Activity_Counts!M7+5) -> 0.93055556 | E7: =5/(Activity_Counts!F7+Activity_Counts!M7+5) -> 0.069444444 | F7: =SUM(C7:E7) -> 1
A8: AD1-A | B8: BIN_5 | C8: =Activity_Counts!F8/(Activity_Counts!F8+Activity_Counts!M8+5) -> 0 | D8: =Activity_Counts!M8/(Activity_Counts!F8+Activity_Counts!M8+5) -> 0.87179487 | E8: =5/(Activity_Counts!F8+Activity_Counts!M8+5) -> 0.12820513 | F8: =SUM(C8:E8) -> 1
A9: AD1-B | B9: AD1-C | C9: =Activity_Counts!F9/(Activity_Counts!F9+Activity_Counts!M9+5) -> 0.051785714 | D9: =Activity_Counts!M9/(Activity_Counts!F9+Activity_Counts!M9+5) -> 0.93928571 | E9: =5/(Activity_Counts!F9+Activity_Counts!M9+5) -> 0.0089285714 | F9: =SUM(C9:E9) -> 1
A10: AD1-B | B10: BIN_0 | C10: =Activity_Counts!F10/(Activity_Counts!F10+Activity_Counts!M10+5) -> 0.064814815 | D10: =Activity_Counts!M10/(Activity_Counts!F10+Activity_Counts!M10+5) -> 0.88888889 | E10: =5/(Activity_Counts!F10+Activity_Counts!M10+5) -> 0.046296296 | F10: =SUM(C10:E10) -> 1
A11: AD1-B | B11: BIN_1 | C11: =Activity_Counts!F11/(Activity_Counts!F11+Activity_Counts!M11+5) -> 0.071428571 | D11: =Activity_Counts!M11/(Activity_Counts!F11+Activity_Counts!M11+5) -> 0.86904762 | E11: =5/(Activity_Counts!F11+Activity_Counts!M11+5) -> 0.05952381 | F11: =SUM(C11:E11) -> 1
A12: AD1-B | B12: BIN_2 | C12: =Activity_Counts!F12/(Activity_Counts!F12+Activity_Counts!M12+5) -> 0.084210526 | D12: =Activity_Counts!M12/(Activity_Counts!F12+Activity_Counts!M12+5) -> 0.86315789 | E12: =5/(Activity_Counts!F12+Activity_Counts!M12+5) -> 0.052631579 | F12: =SUM(C12:E12) -> 1
A13: AD1-B | B13: BIN_3 | C13: =Activity_Counts!F13/(Activity_Counts!F13+Activity_Counts!M13+5) -> 0.043859649 | D13: =Activity_Counts!M13/(Activity_Counts!F13+Activity_Counts!M13+5) -> 0.9122807 | E13: =5/(Activity_Counts!F13+Activity_Counts!M13+5) -> 0.043859649 | F13: =SUM(C13:E13) -> 1
... A66: asterisk | B66: START | C66: =Activity_Counts!F66/(Activity_Counts!F66+Activity_Counts!M66+5) -> 0 | D66: =Activity_Counts!M66/(Activity_Counts!F66+Activity_Counts!M66+5) -> 0.83870968 | E66: =5/(Activity_Counts!F66+Activity_Counts!M66+5) -> 0.16129032 | F66: =SUM(C66:E66) -> 1

Sheet t3
A1: sensor | B1: message | C1: Belief | D1: Disbelief | E1: Uncertainty | F1: Total
A2: AD1-A | B2: ACTIVE | C2: =Activity_Counts!E2/(Activity_Counts!E2+Activity_Counts!L2+5) -> 0.97783251 | D2: =Activity_Counts!L2/(Activity_Counts!E2+Activity_Counts!L2+5) -> 0.0098522167 | E2: =5/(Activity_Counts!E2+Activity_Counts!L2+5) -> 0.012315271 | F2: =SUM(C2:E2) -> 1
A3: AD1-A | B3: BIN_0 | C3: =Activity_Counts!E3/(Activity_Counts!E3+Activity_Counts!L3+5) -> 0.80555556 | D3: =Activity_Counts!L3/(Activity_Counts!E3+Activity_Counts!L3+5) -> 0.055555556 | E3: =5/(Activity_Counts!E3+Activity_Counts!L3+5) -> 0.13888889 | F3: =SUM(C3:E3) -> 1
A4: AD1-A | B4: BIN_1 | C4: =Activity_Counts!E4/(Activity_Counts!E4+Activity_Counts!L4+5) -> 0.90666667 | D4: =Activity_Counts!L4/(Activity_Counts!E4+Activity_Counts!L4+5) -> 0.026666667 | E4: =5/(Activity_Counts!E4+Activity_Counts!L4+5) -> 0.066666667 | F4: =SUM(C4:E4) -> 1
A5: AD1-A | B5: BIN_2 | C5: =Activity_Counts!E5/(Activity_Counts!E5+Activity_Counts!L5+5) -> 0.95689655 | D5: =Activity_Counts!L5/(Activity_Counts!E5+Activity_Counts!L5+5) -> 0 | E5: =5/(Activity_Counts!E5+Activity_Counts!L5+5) -> 0.043103448 | F5: =SUM(C5:E5) -> 1
A6: AD1-A | B6: BIN_3 | C6: =Activity_Counts!E6/(Activity_Counts!E6+Activity_Counts!L6+5) -> 0.94623656 | D6: =Activity_Counts!L6/(Activity_Counts!E6+Activity_Counts!L6+5) -> 0 | E6: =5/(Activity_Counts!E6+Activity_Counts!L6+5) -> 0.053763441 | F6: =SUM(C6:E6) -> 1
A7: AD1-A | B7: BIN_4 | C7: =Activity_Counts!E7/(Activity_Counts!E7+Activity_Counts!L7+5) -> 0.93055556 | D7: =Activity_Counts!L7/(Activity_Counts!E7+Activity_Counts!L7+5) -> 0 | E7: =5/(Activity_Counts!E7+Activity_Counts!L7+5) -> 0.069444444 | F7: =SUM(C7:E7) -> 1
A8: AD1-A | B8: BIN_5 | C8: =Activity_Counts!E8/(Activity_Counts!E8+Activity_Counts!L8+5) -> 0.87179487 | D8: =Activity_Counts!L8/(Activity_Counts!E8+Activity_Counts!L8+5) -> 0 | E8: =5/(Activity_Counts!E8+Activity_Counts!L8+5) -> 0.12820513 | F8: =SUM(C8:E8) -> 1
A9: AD1-B | B9: ACTIVE | C9: =Activity_Counts!E9/(Activity_Counts!E9+Activity_Counts!L9+5) -> 0.19285714 | D9: =Activity_Counts!L9/(Activity_Counts!E9+Activity_Counts!L9+5) -> 0.79821429 | E9: =5/(Activity_Counts!E9+Activity_Counts!L9+5) -> 0.0089285714 | F9: =SUM(C9:E9) -> 1
A10: AD1-B | B10: BIN_0 | C10: =Activity_Counts!E10/(Activity_Counts!E10+Activity_Counts!L10+5) -> 0.23148148 | D10: =Activity_Counts!L10/(Activity_Counts!E10+Activity_Counts!L10+5) -> 0.72222222 | E10: =5/(Activity_Counts!E10+Activity_Counts!L10+5) -> 0.046296296 | F10: =SUM(C10:E10) -> 1
A11: AD1-B | B11: BIN_1 | C11: =Activity_Counts!E11/(Activity_Counts!E11+Activity_Counts!L11+5) -> 0.23809524 | D11: =Activity_Counts!L11/(Activity_Counts!E11+Activity_Counts!L11+5) -> 0.70238095 | E11: =5/(Activity_Counts!E11+Activity_Counts!L11+5) -> 0.05952381 | F11: =SUM(C11:E11) -> 1
A12: AD1-B | B12: BIN_2 | C12: =Activity_Counts!E12/(Activity_Counts!E12+Activity_Counts!L12+5) -> 0.15789474 | D12: =Activity_Counts!L12/(Activity_Counts!E12+Activity_Counts!L12+5) -> 0.78947368 | E12: =5/(Activity_Counts!E12+Activity_Counts!L12+5) -> 0.052631579 | F12: =SUM(C12:E12) -> 1
A13: AD1-B | B13: BIN_3 | C13: =Activity_Counts!E13/(Activity_Counts!E13+Activity_Counts!L13+5) -> 0.10526316 | D13: =Activity_Counts!L13/(Activity_Counts!E13+Activity_Counts!L13+5) -> 0.85087719 | E13: =5/(Activity_Counts!E13+Activity_Counts!L13+5) -> 0.043859649 | F13: =SUM(C13:E13) -> 1
... A66: asterisk | B66: START | C66: =Activity_Counts!E66/(Activity_Counts!E66+Activity_Counts!L66+5) -> 0 | D66: =Activity_Counts!L66/(Activity_Counts!E66+Activity_Counts!L66+5) -> 0.83870968 | E66: =5/(Activity_Counts!E66+Activity_Counts!L66+5) -> 0.16129032 | F66: =SUM(C66:E66) -> 1

Sheet t2
A1: sensor | B1: message | C1: Belief | D1: Disbelief | E1: Uncertainty | F1: Total
A2: AD1-A | B2: ACTIVE | C2: =Activity_Counts!D2/(Activity_Counts!D2+Activity_Counts!K2+5) -> 0 | D2: =Activity_Counts!K2/(Activity_Counts!D2+Activity_Counts!K2+5) -> 0.98768473 | E2: =5/(Activity_Counts!D2+Activity_Counts!K2+5) -> 0.012315271 | F2: =SUM(C2:E2) -> 1
A3: AD1-A | B3: BIN_0 | C3: =Activity_Counts!D3/(Activity_Counts!D3+Activity_Counts!K3+5) -> 0 | D3: =Activity_Counts!K3/(Activity_Counts!D3+Activity_Counts!K3+5) -> 0.86111111 | E3: =5/(Activity_Counts!D3+Activity_Counts!K3+5) -> 0.13888889 | F3: =SUM(C3:E3) -> 1
A4: AD1-A | B4: BIN_1 | C4: =Activity_Counts!D4/(Activity_Counts!D4+Activity_Counts!K4+5) -> 0 | D4: =Activity_Counts!K4/(Activity_Counts!D4+Activity_Counts!K4+5) -> 0.93333333 | E4: =5/(Activity_Counts!D4+Activity_Counts!K4+5) -> 0.066666667 | F4: =SUM(C4:E4) -> 1
A5: AD1-A | B5: BIN_2 | C5: =Activity_Counts!D5/(Activity_Counts!D5+Activity_Counts!K5+5) -> 0 | D5: =Activity_Counts!K5/(Activity_Counts!D5+Activity_Counts!K5+5) -> 0.95689655 | E5: =5/(Activity_Counts!D5+Activity_Counts!K5+5) -> 0.043103448 | F5: =SUM(C5:E5) -> 1
A6: AD1-A | B6: BIN_3 | C6: =Activity_Counts!D6/(Activity_Counts!D6+Activity_Counts!K6+5) -> 0 | D6: =Activity_Counts!K6/(Activity_Counts!D6+Activity_Counts!K6+5) -> 0.94623656 | E6: =5/(Activity_Counts!D6+Activity_Counts!K6+5) -> 0.053763441 | F6: =SUM(C6:E6) -> 1
A7: AD1-A | B7: BIN_4 | C7: =Activity_Counts!D7/(Activity_Counts!D7+Activity_Counts!K7+5) -> 0 | D7: =Activity_Counts!K7/(Activity_Counts!D7+Activity_Counts!K7+5) -> 0.93055556 | E7: =5/(Activity_Counts!D7+Activity_Counts!K7+5) -> 0.069444444 | F7: =SUM(C7:E7) -> 1
A8: AD1-A | B8: BIN_5 | C8: =Activity_Counts!D8/(Activity_Counts!D8+Activity_Counts!K8+5) -> 0 | D8: =Activity_Counts!K8/(Activity_Counts!D8+Activity_Counts!K8+5) -> 0.87179487 | E8: =5/(Activity_Counts!D8+Activity_Counts!K8+5) -> 0.12820513 | F8: =SUM(C8:E8) -> 1
A9: AD1-B | B9: ACTIVE | C9: =Activity_Counts!D9/(Activity_Counts!D9+Activity_Counts!K9+5) -> 0.13928571 | D9: =Activity_Counts!K9/(Activity_Counts!D9+Activity_Counts!K9+5) -> 0.85178571 | E9: =5/(Activity_Counts!D9+Activity_Counts!K9+5) -> 0.0089285714 | F9: 1
A10: AD1-B | B10: BIN_0 | C10: =Activity_Counts!D10/(Activity_Counts!D10+Activity_Counts!K10+5) -> 0.14814815 | D10: =Activity_Counts!K10/(Activity_Counts!D10+Activity_Counts!K10+5) -> 0.80555556 | E10: =5/(Activity_Counts!D10+Activity_Counts!K10+5) -> 0.046296296 | F10: =SUM(C10:E10) -> 1
A11: AD1-B | B11: BIN_1 | C11: =Activity_Counts!D11/(Activity_Counts!D11+Activity_Counts!K11+5) -> 0.13095238 | D11: =Activity_Counts!K11/(Activity_Counts!D11+Activity_Counts!K11+5) -> 0.80952381 | E11: =5/(Activity_Counts!D11+Activity_Counts!K11+5) -> 0.05952381 | F11: =SUM(C11:E11) -> 1
A12: AD1-B | B12: BIN_2 | C12: =Activity_Counts!D12/(Activity_Counts!D12+Activity_Counts!K12+5) -> 0.15789474 | D12: =Activity_Counts!K12/(Activity_Counts!D12+Activity_Counts!K12+5) -> 0.78947368 | E12: =5/(Activity_Counts!D12+Activity_Counts!K12+5) -> 0.052631579 | F12: =SUM(C12:E12) -> 1
A13: AD1-B | B13: BIN_3 | C13: =Activity_Counts!D13/(Activity_Counts!D13+Activity_Counts!K13+5) -> 0.18421053 | D13: =Activity_Counts!K13/(Activity_Counts!D13+Activity_Counts!K13+5) -> 0.77192982 | E13: =5/(Activity_Counts!D13+Activity_Counts!K13+5) -> 0.043859649 | F13: =SUM(C13:E13) -> 1
A14: AD1-B | B14: BIN_4 | C14: =Activity_Counts!D14/(Activity_Counts!D14+Activity_Counts!K14+5) -> 0.097222222 | D14: =Activity_Counts!K14/(Activity_Counts!D14+Activity_Counts!K14+5) -> 0.83333333 | E14: =5/(Activity_Counts!D14+Activity_Counts!K14+5) -> 0.069444444 | F14: =SUM(C14:E14) -> 1
A15: AD1-B | B15: BIN_5 | C15: =Activity_Counts!D15/(Activity_Counts!D15+Activity_Counts!K15+5) -> 0.057971014 | D15: =Activity_Counts!K15/(Activity_Counts!D15+Activity_Counts!K15+5) -> 0.86956522 | E15: =5/(Activity_Counts!D15+Activity_Counts!K15+5) -> 0.072463768 | F15: =SUM(C15:E15) -> 1
A16: AD1-B | B16: BIN_6 | C16: =Activity_Counts!D16/(Activity_Counts!D16+Activity_Counts!K16+5) -> 0.083333333 | D16: =Activity_Counts!K16/(Activity_Counts!D16+Activity_Counts!K16+5) -> 0.8125 | E16: =5/(Activity_Counts!D16+Activity_Counts!K16+5) -> 0.10416667 | F16: =SUM(C16:E16) -> 1
A17: AD1-C | B17: ACTIVE | C17: =Activity_Counts!D17/(Activity_Counts!D17+Activity_Counts!K17+5) -> 0.080769231 | D17: =Activity_Counts!K17/(Activity_Counts!D17+Activity_Counts!K17+5) -> 0.9 | E17: =5/(Activity_Counts!D17+Activity_Counts!K17+5) -> 0.019230769 | F17: 1
A18: AD1-C | B18: BIN_0 | C18: =Activity_Counts!D18/(Activity_Counts!D18+Activity_Counts!K18+5) -> 0.058823529 | D18: =Activity_Counts!K18/(Activity_Counts!D18+Activity_Counts!K18+5) -> 0.86764706 | E18: =5/(Activity_Counts!D18+Activity_Counts!K18+5) -> 0.073529412 | F18: =SUM(C18:E18) -> 1
A19: AD1-C | B19: BIN_1 | C19: =Activity_Counts!D19/(Activity_Counts!D19+Activity_Counts!K19+5) -> 0.043478261 | D19: =Activity_Counts!K19/(Activity_Counts!D19+Activity_Counts!K19+5) -> 0.84782609 | E19: =5/(Activity_Counts!D19+Activity_Counts!K19+5) -> 0.10869565 | F19: =SUM(C19:E19) -> 1
A20: AD1-C | B20: BIN_2 | C20: =Activity_Counts!D20/(Activity_Counts!D20+Activity_Counts!K20+5) -> 0.048387097 | D20: =Activity_Counts!K20/(Activity_Counts!D20+Activity_Counts!K20+5) -> 0.87096774 | E20: =5/(Activity_Counts!D20+Activity_Counts!K20+5) -> 0.080645161 | F20: =SUM(C20:E20) -> 1
A21: AD1-C | B21: BIN_3 | C21: =Activity_Counts!D21/(Activity_Counts!D21+Activity_Counts!K21+5) -> 0.083333333 | D21: =Activity_Counts!K21/(Activity_Counts!D21+Activity_Counts!K21+5) -> 0.77777778 | E21: =5/(Activity_Counts!D21+Activity_Counts!K21+5) -> 0.13888889 | F21: =SUM(C21:E21) -> 1
A22: AD1-C | B22: BIN_4 | C22: =Activity_Counts!D22/(Activity_Counts!D22+Activity_Counts!K22+5) -> 0.13513514 | D22: =Activity_Counts!K22/(Activity_Counts!D22+Activity_Counts!K22+5) -> 0.72972973 | E22: =5/(Activity_Counts!D22+Activity_Counts!K22+5) -> 0.13513514 | F22: =SUM(C22:E22) -> 1
A23: AD1-C | B23: BIN_5 | C23: =Activity_Counts!D23/(Activity_Counts!D23+Activity_Counts!K23+5) -> 0.15789474 | D23: =Activity_Counts!K23/(Activity_Counts!D23+Activity_Counts!K23+5) -> 0.57894737 | E23: =5/(Activity_Counts!D23+Activity_Counts!K23+5) -> 0.26315789 | F23: =SUM(C23:E23) -> 1
A24: AD1-C | B24: BIN_6 | C24: =Activity_Counts!D24/(Activity_Counts!D24+Activity_Counts!K24+5) -> 0.045454545 | D24: =Activity_Counts!K24/(Activity_Counts!D24+Activity_Counts!K24+5) -> 0.72727273 | E24: =5/(Activity_Counts!D24+Activity_Counts!K24+5) -> 0.22727273 | F24: =SUM(C24:E24) -> 1
A25: D01 | B25: CLOSE | C25: =Activity_Counts!D25/(Activity_Counts!D25+Activity_Counts!K25+5) -> 0.0095238095 | D25: =Activity_Counts!K25/(Activity_Counts!D25+Activity_Counts!K25+5) -> 0.94285714 | E25: =5/(Activity_Counts!D25+Activity_Counts!K25+5) -> 0.047619048 | F25: =SUM(C25:E25) -> 1
A26: D01 | B26: OPEN | C26: =Activity_Counts!D26/(Activity_Counts!D26+Activity_Counts!K26+5) -> 0.0097087379 | D26: =Activity_Counts!K26/(Activity_Counts!D26+Activity_Counts!K26+5) -> 0.94174757 | E26: =5/(Activity_Counts!D26+Activity_Counts!K26+5) -> 0.048543689 | F26: =SUM(C26:E26) -> 1
A27: I01 | B27: ABSENT | C27: =Activity_Counts!D27/(Activity_Counts!D27+Activity_Counts!K27+5) -> 0.028571429 | D27: =Activity_Counts!K27/(Activity_Counts!D27+Activity_Counts!K27+5) -> 0.82857143 | E27: =5/(Activity_Counts!D27+Activity_Counts!K27+5) -> 0.14285714 | F27: =SUM(C27:E27) -> 1
A28: I01 | B28: PRESENT | C28: =Activity_Counts!D28/(Activity_Counts!D28+Activity_Counts!K28+5) -> 0.035714286 | D28: =Activity_Counts!K28/(Activity_Counts!D28+Activity_Counts!K28+5) -> 0.78571429 | E28: =5/(Activity_Counts!D28+Activity_Counts!K28+5) -> 0.17857143 | F28: =SUM(C28:E28) -> 1
A29: I02 | B29: ABSENT | C29: =Activity_Counts!D29/(Activity_Counts!D29+Activity_Counts!K29+5) -> 0.033333333 | D29: =Activity_Counts!K29/(Activity_Counts!D29+Activity_Counts!K29+5) -> 0.8 | E29: =5/(Activity_Counts!D29+Activity_Counts!K29+5) -> 0.16666667 | F29: =SUM(C29:E29) -> 1
... A66: asterisk | B66: START | C66: =Activity_Counts!D66/(Activity_Counts!D66+Activity_Counts!K66+5) -> 0 | D66: =Activity_Counts!K66/(Activity_Counts!D66+Activity_Counts!K66+5) -> 0.83870968 | E66: =5/(Activity_Counts!D66+Activity_Counts!K66+5) -> 0.16129032 | F66: =SUM(C66:E66) -> 1

Sheet t1
A1: sensor | B1: message | C1: Belief | D1: Disbelief | E1: Uncertainty | F1: Total
A2: AD1-A | B2: ACTIVE | C2: =Activity_Counts!C2/(Activity_Counts!C2+Activity_Counts!J2+5) -> 0 | D2: =Activity_Counts!J2/(Activity_Counts!C2+Activity_Counts!J2+5) -> 0.98768473 | E2: =5/(Activity_Counts!C2+Activity_Counts!J2+5) -> 0.012315271 | F2: =SUM(C2:E2) -> 1
A3: AD1-A | B3: BIN_0 | C3: =Activity_Counts!C3/(Activity_Counts!C3+Activity_Counts!J3+5) -> 0 | D3: =Activity_Counts!J3/(Activity_Counts!C3+Activity_Counts!J3+5) -> 0.86111111 | E3: =5/(Activity_Counts!C3+Activity_Counts!J3+5) -> 0.13888889 | F3: =SUM(C3:E3) -> 1
A4: AD1-A | B4: BIN_1 | C4: =Activity_Counts!C4/(Activity_Counts!C4+Activity_Counts!J4+5) -> 0 | D4: =Activity_Counts!J4/(Activity_Counts!C4+Activity_Counts!J4+5) -> 0.93333333 | E4: =5/(Activity_Counts!C4+Activity_Counts!J4+5) -> 0.066666667 | F4: =SUM(C4:E4) -> 1
A5: AD1-A | B5: BIN_2 | C5: =Activity_Counts!C5/(Activity_Counts!C5+Activity_Counts!J5+5) -> 0 | D5: =Activity_Counts!J5/(Activity_Counts!C5+Activity_Counts!J5+5) -> 0.95689655 | E5: =5/(Activity_Counts!C5+Activity_Counts!J5+5) -> 0.043103448 | F5: =SUM(C5:E5) -> 1
A6: AD1-A | B6: BIN_3 | C6: =Activity_Counts!C6/(Activity_Counts!C6+Activity_Counts!J6+5) -> 0 | D6: =Activity_Counts!J6/(Activity_Counts!C6+Activity_Counts!J6+5) -> 0.94623656 | E6: =5/(Activity_Counts!C6+Activity_Counts!J6+5) -> 0.053763441 | F6: =SUM(C6:E6) -> 1
A7: AD1-A | B7: BIN_4 | C7: =Activity_Counts!C7/(Activity_Counts!C7+Activity_Counts!J7+5) -> 0 | D7: =Activity_Counts!J7/(Activity_Counts!C7+Activity_Counts!J7+5) -> 0.93055556 | E7: =5/(Activity_Counts!C7+Activity_Counts!J7+5) -> 0.069444444 | F7: =SUM(C7:E7) -> 1
A8: AD1-A | B8: BIN_5 | C8: =Activity_Counts!C8/(Activity_Counts!C8+Activity_Counts!J8+5) -> 0 | D8: =Activity_Counts!J8/(Activity_Counts!C8+Activity_Counts!J8+5) -> 0.87179487 | E8: =5/(Activity_Counts!C8+Activity_Counts!J8+5) -> 0.12820513 | F8: =SUM(C8:E8) -> 1
A9: AD1-B | B9: ACTIVE | C9: =Activity_Counts!C9/(Activity_Counts!C9+Activity_Counts!J9+5) -> 0 | D9: =Activity_Counts!J9/(Activity_Counts!C9+Activity_Counts!J9+5) -> 0.99107143 | E9: =5/(Activity_Counts!C9+Activity_Counts!J9+5) -> 0.0089285714 | F9: =SUM(C9:E9) -> 1
A10: AD1-B | B10: BIN_0 | C10: =Activity_Counts!C10/(Activity_Counts!C10+Activity_Counts!J10+5) -> 0 | D10: =Activity_Counts!J10/(Activity_Counts!C10+Activity_Counts!J10+5) -> 0.9537037 | E10: =5/(Activity_Counts!C10+Activity_Counts!J10+5) -> 0.046296296 | F10: =SUM(C10:E10) -> 1
A11: AD1-B | B11: BIN_1 | C11: =Activity_Counts!C11/(Activity_Counts!C11+Activity_Counts!J11+5) -> 0 | D11: =Activity_Counts!J11/(Activity_Counts!C11+Activity_Counts!J11+5) -> 0.94047619 | E11: =5/(Activity_Counts!C11+Activity_Counts!J11+5) -> 0.05952381 | F11: =SUM(C11:E11) -> 1
A12: AD1-B | B12: BIN_2 | C12: =Activity_Counts!C12/(Activity_Counts!C12+Activity_Counts!J12+5) -> 0 | D12: =Activity_Counts!J12/(Activity_Counts!C12+Activity_Counts!J12+5) -> 0.94736842 | E12: =5/(Activity_Counts!C12+Activity_Counts!J12+5) -> 0.052631579 | F12: =SUM(C12:E12) -> 1
A13: AD1-B | B13: BIN_3 | C13: =Activity_Counts!C13/(Activity_Counts!C13+Activity_Counts!J13+5) -> 0 | D13: =Activity_Counts!J13/(Activity_Counts!C13+Activity_Counts!J13+5) -> 0.95614035 | E13: =5/(Activity_Counts!C13+Activity_Counts!J13+5) -> 0.043859649 | F13: =SUM(C13:E13) -> 1
... A66: asterisk | B66: START | C66: =Activity_Counts!C66/(Activity_Counts!C66+Activity_Counts!J66+5) -> 0.83870968 | D66: =Activity_Counts!J66/(Activity_Counts!C66+Activity_Counts!J66+5) -> 0 | E66: =5/(Activity_Counts!C66+Activity_Counts!J66+5) -> 0.16129032 | F66: =SUM(C66:E66) -> 1
