Workbook

Sheet Activity_Counts
A1: sensor | B1: message | C1: t1_count | D1: t2_count | E1: t3_count | F1: t4_count | G1: t5_count | H1: total | J1: not_t1 | K1: not_t2 | L1: not_t3 | M1: not_t4 | N1: not_t5
A2: AD1-A | B2: ACTIVE | C2: 0 | D2: 0 | E2: 24 | F2: 3 | G2: 1 | H2: =SUM(C2:G2) -> 28 | J2: =H2-C2 -> 28 | K2: =H2-D2 -> 28 | L2: =H2-E2 -> 4 | M2: =H2-F2 -> 25 | N2: =H2-G2 -> 27
A3: AD1-B | B3: DUR_0_5 | C3: 0 | D3: 0 | E3: 4 | F3: 4 | G3: 1 | H3: =SUM(C3:G3) -> 9 | J3: =H3-C3 -> 9 | K3: =H3-D3 -> 9 | L3: =H3-E3 -> 5 | M3: =H3-F3 -> 5 | N3: =H3-G3 -> 8
A4: AD1-B | B4: DUR_6_15 | C4: 0 | D4: 5 | E4: 6 | F4: 6 | G4: 0 | H4: =SUM(C4:G4) -> 17 | J4: =H4-C4 -> 17 | K4: =H4-D4 -> 12 | L4: =H4-E4 -> 11 | M4: =H4-F4 -> 11 | N4: =H4-G4 -> 17
A5: AD1-B | B5: DUR_16_45 | C5: 0 | D5: 16 | E5: 2 | F5: 0 | G5: 0 | H5: =SUM(C5:G5) -> 18 | J5: =H5-C5 -> 18 | K5: =H5-D5 -> 2 | L5: =H5-E5 -> 16 | M5: =H5-F5 -> 18 | N5: =H5-G5 -> 18
A6: AD1-B | B6: DUR_46_100 | C6: 0 | D6: 0 | E6: 1 | F6: 0 | G6: 0 | H6: =SUM(C6:G6) -> 1 | J6: =H6-C6 -> 1 | K6: =H6-D6 -> 1 | L6: =H6-E6 -> 0 | M6: =H6-F6 -> 1 | N6: =H6-G6 -> 1
A7: AD1-B | B7: DUR_101_PLUS | C7: 0 | D7: 0 | E7: 7 | F7: 0 | G7: 22 | H7: =SUM(C7:G7) -> 29 | J7: =H7-C7 -> 29 | K7: =H7-D7 -> 29 | L7: =H7-E7 -> 22 | M7: =H7-F7 -> 29 | N7: =H7-G7 -> 7
A8: AD1-C | B8: DUR_0_5 | C8: 0 | D8: 0 | E8: 3 | F8: 4 | G8: 1 | H8: =SUM(C8:G8) -> 8 | J8: =H8-C8 -> 8 | K8: =H8-D8 -> 8 | L8: =H8-E8 -> 5 | M8: =H8-F8 -> 4 | N8: =H8-G8 -> 7
A9: AD1-C | B9: DUR_6_15 | C9: 0 | D9: 2 | E9: 5 | F9: 16 | G9: 3 | H9: =SUM(C9:G9) -> 26 | J9: =H9-C9 -> 26 | K9: =H9-D9 -> 24 | L9: =H9-E9 -> 21 | M9: =H9-F9 -> 10 | N9: =H9-G9 -> 23
A10: AD1-C | B10: DUR_16_45 | C10: 0 | D10: 3 | E10: 0 | F10: 1 | G10: 1 | H10: =SUM(C10:G10) -> 5 | J10: =H10-C10 -> 5 | K10: =H10-D10 -> 2 | L10: =H10-E10 -> 5 | M10: =H10-F10 -> 4 | N10: =H10-G10 -> 4
A11: AD1-C | B11: DUR_46_100 | C11: 0 | D11: 0 | E11: 0 | F11: 0 | G11: 2 | H11: =SUM(C11:G11) -> 2 | J11: =H11-C11 -> 2 | K11: =H11-D11 -> 2 | L11: =H11-E11 -> 2 | M11: =H11-F11 -> 2 | N11: =H11-G11 -> 0
A12: AD1-C | B12: DUR_101_PLUS | C12: 0 | D12: 0 | E12: 2 | F12: 0 | G12: 7 | H12: =SUM(C12:G12) -> 9 | J12: =H12-C12 -> 9 | K12: =H12-D12 -> 9 | L12: =H12-E12 -> 7 | M12: =H12-F12 -> 9 | N12: =H12-G12 -> 2
A13: D01 | B13: CLOSE | C13: 0 | D13: 1 | E13: 22 | F13: 23 | G13: 24 | H13: =SUM(C13:G13) -> 70 | J13: =H13-C13 -> 70 | K13: =H13-D13 -> 69 | L13: =H13-E13 -> 48 | M13: =H13-F13 -> 47 | N13: =H13-G13 -> 46
... A62: M06 | B62: OFF | C62: 0 | D62: 0 | E62: 0 | F62: 0 | G62: 0 | H62: =SUM(C62:G62) -> 0 | J62: =H62-C62 -> 0 | K62: =H62-D62 -> 0 | L62: =H62-E62 -> 0 | M62: =H62-F62 -> 0 | N62: =H62-G62 -> 0

Sheet t5-sensor-belief-values
A1: sensor | B1: message | C1: belief | D1: disbelief | E1: uncertainty | F1: total
A2: AD1-A | B2: ACTIVE | C2: =Activity_Counts!G2/(Activity_Counts!G2+Activity_Counts!N2+5) -> 0.03030303 | D2: =Activity_Counts!N2/(Activity_Counts!G2+Activity_Counts!N2+5) -> 0.81818182 | E2: =5/(Activity_Counts!G2+Activity_Counts!N2+5) -> 0.15151515 | F2: =SUM(C2:E2) -> 1
A3: AD1-B | B3: DUR_0_5 | C3: =Activity_Counts!G3/(Activity_Counts!G3+Activity_Counts!N3+5) -> 0.071428571 | D3: =Activity_Counts!N3/(Activity_Counts!G3+Activity_Counts!N3+5) -> 0.57142857 | E3: =5/(Activity_Counts!G3+Activity_Counts!N3+5) -> 0.35714286 | F3: =SUM(C3:E3) -> 1
A4: AD1-B | B4: DUR_6_15 | C4: =Activity_Counts!G4/(Activity_Counts!G4+Activity_Counts!N4+5) -> 0 | D4: =Activity_Counts!N4/(Activity_Counts!G4+Activity_Counts!N4+5) -> 0.77272727 | E4: =5/(Activity_Counts!G4+Activity_Counts!N4+5) -> 0.22727273 | F4: =SUM(C4:E4) -> 1
A5: AD1-B | B5: DUR_16_45 | C5: =Activity_Counts!G5/(Activity_Counts!G5+Activity_Counts!N5+5) -> 0 | D5: =Activity_Counts!N5/(Activity_Counts!G5+Activity_Counts!N5+5) -> 0.7826087 | E5: =5/(Activity_Counts!G5+Activity_Counts!N5+5) -> 0.2173913 | F5: =SUM(C5:E5) -> 1
A6: AD1-B | B6: DUR_46_100 | C6: =Activity_Counts!G6/(Activity_Counts!G6+Activity_Counts!N6+5) -> 0 | D6: =Activity_Counts!N6/(Activity_Counts!G6+Activity_Counts!N6+5) -> 0.16666667 | E6: =5/(Activity_Counts!G6+Activity_Counts!N6+5) -> 0.83333333 | F6: =SUM(C6:E6) -> 1
A7: AD1-B | B7: DUR_101_PLUS | C7: =Activity_Counts!G7/(Activity_Counts!G7+Activity_Counts!N7+5) -> 0.64705882 | D7: =Activity_Counts!N7/(Activity_Counts!G7+Activity_Counts!N7+5) -> 0.20588235 | E7: =5/(Activity_Counts!G7+Activity_Counts!N7+5) -> 0.14705882 | F7: =SUM(C7:E7) -> 1
A8: AD1-C | B8: DUR_0_5 | C8: =Activity_Counts!G8/(Activity_Counts!G8+Activity_Counts!N8+5) -> 0.076923077 | D8: =Activity_Counts!N8/(Activity_Counts!G8+Activity_Counts!N8+5) -> 0.53846154 | E8: =5/(Activity_Counts!G8+Activity_Counts!N8+5) -> 0.38461538 | F8: =SUM(C8:E8) -> 1
A9: AD1-C | B9: DUR_6_15 | C9: =Activity_Counts!G9/(Activity_Counts!G9+Activity_Counts!N9+5) -> 0.096774194 | D9: =Activity_Counts!N9/(Activity_Counts!G9+Activity_Counts!N9+5) -> 0.74193548 | E9: =5/(Activity_Counts!G9+Activity_Counts!N9+5) -> 0.16129032 | F9: =SUM(C9:E9) -> 1
A10: AD1-C | B10: DUR_16_45 | C10: =Activity_Counts!G10/(Activity_Counts!G10+Activity_Counts!N10+5) -> 0.1 | D10: =Activity_Counts!N10/(Activity_Counts!G10+Activity_Counts!N10+5) -> 0.4 | E10: =5/(Activity_Counts!G10+Activity_Counts!N10+5) -> 0.5 | F10: =SUM(C10:E10) -> 1
A11: AD1-C | B11: DUR_46_100 | C11: =Activity_Counts!G11/(Activity_Counts!G11+Activity_Counts!N11+5) -> 0.28571429 | D11: =Activity_Counts!N11/(Activity_Counts!G11+Activity_Counts!N11+5) -> 0 | E11: =5/(Activity_Counts!G11+Activity_Counts!N11+5) -> 0.71428571 | F11: =SUM(C11:E11) -> 1
A12: AD1-C | B12: DUR_101_PLUS | C12: =Activity_Counts!G12/(Activity_Counts!G12+Activity_Counts!N12+5) -> 0.5 | D12: =Activity_Counts!N12/(Activity_Counts!G12+Activity_Counts!N12+5) -> 0.14285714 | E12: =5/(Activity_Counts!G12+Activity_Counts!N12+5) -> 0.35714286 | F12: =SUM(C12:E12) -> 1
A13: D01 | B13: CLOSE | C13: =Activity_Counts!G13/(Activity_Counts!G13+Activity_Counts!N13+5) -> 0.32 | D13: =Activity_Counts!N13/(Activity_Counts!G13+Activity_Counts!N13+5) -> 0.61333333 | E13: =5/(Activity_Counts!G13+Activity_Counts!N13+5) -> 0.066666667 | F13: =SUM(C13:E13) -> 1
... A67: ACT_DUR | B67: DUR_61_120 | C67: =Activity_Counts!G67/(Activity_Counts!G67+Activity_Counts!N67+5) -> 0 | D67: =Activity_Counts!N67/(Activity_Counts!G67+Activity_Counts!N67+5) -> 0 | E67: =5/(Activity_Counts!G67+Activity_Counts!N67+5) -> 1 | F67: =SUM(C67:E67) -> 1

Sheet t4-sensor-belief-values
A1: sensor | B1: message | C1: belief | D1: disbelief | E1: uncertainty | F1: total
A2: AD1-A | B2: ACTIVE | C2: =Activity_Counts!F2/(Activity_Counts!F2+Activity_Counts!M2+5) -> 0.090909091 | D2: =Activity_Counts!M2/(Activity_Counts!F2+Activity_Counts!M2+5) -> 0.75757576 | E2: =5/(Activity_Counts!F2+Activity_Counts!M2+5) -> 0.15151515 | F2: =SUM(C2:E2) -> 1
A3: AD1-B | B3: DUR_0_5 | C3: =Activity_Counts!F3/(Activity_Counts!F3+Activity_Counts!M3+5) -> 0.28571429 | D3: =Activity_Counts!M3/(Activity_Counts!F3+Activity_Counts!M3+5) -> 0.35714286 | E3: =5/(Activity_Counts!F3+Activity_Counts!M3+5) -> 0.35714286 | F3: =SUM(C3:E3) -> 1
A4: AD1-B | B4: DUR_6_15 | C4: =Activity_Counts!F4/(Activity_Counts!F4+Activity_Counts!M4+5) -> 0.27272727 | D4: =Activity_Counts!M4/(Activity_Counts!F4+Activity_Counts!M4+5) -> 0.5 | E4: =5/(Activity_Counts!F4+Activity_Counts!M4+5) -> 0.22727273 | F4: =SUM(C4:E4) -> 1
A5: AD1-B | B5: DUR_16_45 | C5: =Activity_Counts!F5/(Activity_Counts!F5+Activity_Counts!M5+5) -> 0 | D5: =Activity_Counts!M5/(Activity_Counts!F5+Activity_Counts!M5+5) -> 0.7826087 | E5: =5/(Activity_Counts!F5+Activity_Counts!M5+5) -> 0.2173913 | F5: =SUM(C5:E5) -> 1
A6: AD1-B | B6: DUR_46_100 | C6: =Activity_Counts!F6/(Activity_Counts!F6+Activity_Counts!M6+5) -> 0 | D6: =Activity_Counts!M6/(Activity_Counts!F6+Activity_Counts!M6+5) -> 0.16666667 | E6: =5/(Activity_Counts!F6+Activity_Counts!M6+5) -> 0.83333333 | F6: =SUM(C6:E6) -> 1
A7: AD1-B | B7: DUR_101_PLUS | C7: =Activity_Counts!F7/(Activity_Counts!F7+Activity_Counts!M7+5) -> 0 | D7: =Activity_Counts!M7/(Activity_Counts!F7+Activity_Counts!M7+5) -> 0.85294118 | E7: =5/(Activity_Counts!F7+Activity_Counts!M7+5) -> 0.14705882 | F7: =SUM(C7:E7) -> 1
A8: AD1-C | B8: DUR_0_5 | C8: =Activity_Counts!F8/(Activity_Counts!F8+Activity_Counts!M8+5) -> 0.30769231 | D8: =Activity_Counts!M8/(Activity_Counts!F8+Activity_Counts!M8+5) -> 0.30769231 | E8: =5/(Activity_Counts!F8+Activity_Counts!M8+5) -> 0.38461538 | F8: =SUM(C8:E8) -> 1
A9: AD1-C | B9: DUR_6_15 | C9: =Activity_Counts!F9/(Activity_Counts!F9+Activity_Counts!M9+5) -> 0.51612903 | D9: =Activity_Counts!M9/(Activity_Counts!F9+Activity_Counts!M9+5) -> 0.32258065 | E9: =5/(Activity_Counts!F9+Activity_Counts!M9+5) -> 0.16129032 | F9: =SUM(C9:E9) -> 1
A10: AD1-C | B10: DUR_16_45 | C10: =Activity_Counts!F10/(Activity_Counts!F10+Activity_Counts!M10+5) -> 0.1 | D10: =Activity_Counts!M10/(Activity_Counts!F10+Activity_Counts!M10+5) -> 0.4 | E10: =5/(Activity_Counts!F10+Activity_Counts!M10+5) -> 0.5 | F10: =SUM(C10:E10) -> 1
A11: AD1-C | B11: DUR_46_100 | C11: =Activity_Counts!F11/(Activity_Counts!F11+Activity_Counts!M11+5) -> 0 | D11: =Activity_Counts!M11/(Activity_Counts!F11+Activity_Counts!M11+5) -> 0.28571429 | E11: =5/(Activity_Counts!F11+Activity_Counts!M11+5) -> 0.71428571 | F11: =SUM(C11:E11) -> 1
A12: AD1-C | B12: DUR_101_PLUS | C12: =Activity_Counts!F12/(Activity_Counts!F12+Activity_Counts!M12+5) -> 0 | D12: =Activity_Counts!M12/(Activity_Counts!F12+Activity_Counts!M12+5) -> 0.64285714 | E12: =5/(Activity_Counts!F12+Activity_Counts!M12+5) -> 0.35714286 | F12: =SUM(C12:E12) -> 1
A13: D01 | B13: CLOSE | C13: =Activity_Counts!F13/(Activity_Counts!F13+Activity_Counts!M13+5) -> 0.30666667 | D13: =Activity_Counts!M13/(Activity_Counts!F13+Activity_Counts!M13+5) -> 0.62666667 | E13: =5/(Activity_Counts!F13+Activity_Counts!M13+5) -> 0.066666667 | F13: =SUM(C13:E13) -> 1
... A67: ACT_DUR | B67: DUR_61_120 | C67: =Activity_Counts!F67/(Activity_Counts!F67+Activity_Counts!M67+5) -> 0 | D67: =Activity_Counts!M67/(Activity_Counts!F67+Activity_Counts!M67+5) -> 0 | E67: =5/(Activity_Counts!F67+Activity_Counts!M67+5) -> 1 | F67: =SUM(C67:E67) -> 1

Sheet t3-sensor-belief-values
A1: sensor | B1: message | C1: belief | D1: disbelief | E1: uncertainty | F1: total
A2: AD1-A | B2: ACTIVE | C2: =Activity_Counts!E2/(Activity_Counts!E2+Activity_Counts!L2+5) -> 0.72727273 | D2: =Activity_Counts!L2/(Activity_Counts!E2+Activity_Counts!L2+5) -> 0.12121212 | E2: =5/(Activity_Counts!E2+Activity_Counts!L2+5) -> 0.15151515 | F2: =SUM(C2:E2) -> 1
A3: AD1-B | B3: DUR_0_5 | C3: =Activity_Counts!E3/(Activity_Counts!E3+Activity_Counts!L3+5) -> 0.28571429 | D3: =Activity_Counts!L3/(Activity_Counts!E3+Activity_Counts!L3+5) -> 0.35714286 | E3: =5/(Activity_Counts!E3+Activity_Counts!L3+5) -> 0.35714286 | F3: =SUM(C3:E3) -> 1
A4: AD1-B | B4: DUR_6_15 | C4: =Activity_Counts!E4/(Activity_Counts!E4+Activity_Counts!L4+5) -> 0.27272727 | D4: =Activity_Counts!L4/(Activity_Counts!E4+Activity_Counts!L4+5) -> 0.5 | E4: =5/(Activity_Counts!E4+Activity_Counts!L4+5) -> 0.22727273 | F4: =SUM(C4:E4) -> 1
A5: AD1-B | B5: DUR_16_45 | C5: =Activity_Counts!E5/(Activity_Counts!E5+Activity_Counts!L5+5) -> 0.086956522 | D5: =Activity_Counts!L5/(Activity_Counts!E5+Activity_Counts!L5+5) -> 0.69565217 | E5: =5/(Activity_Counts!E5+Activity_Counts!L5+5) -> 0.2173913 | F5: =SUM(C5:E5) -> 1
A6: AD1-B | B6: DUR_46_100 | C6: =Activity_Counts!E6/(Activity_Counts!E6+Activity_Counts!L6+5) -> 0.16666667 | D6: =Activity_Counts!L6/(Activity_Counts!E6+Activity_Counts!L6+5) -> 0 | E6: =5/(Activity_Counts!E6+Activity_Counts!L6+5) -> 0.83333333 | F6: =SUM(C6:E6) -> 1
A7: AD1-B | B7: DUR_101_PLUS | C7: =Activity_Counts!E7/(Activity_Counts!E7+Activity_Counts!L7+5) -> 0.20588235 | D7: =Activity_Counts!L7/(Activity_Counts!E7+Activity_Counts!L7+5) -> 0.64705882 | E7: =5/(Activity_Counts!E7+Activity_Counts!L7+5) -> 0.14705882 | F7: =SUM(C7:E7) -> 1
A8: AD1-C | B8: DUR_0_5 | C8: =Activity_Counts!E8/(Activity_Counts!E8+Activity_Counts!L8+5) -> 0.23076923 | D8: =Activity_Counts!L8/(Activity_Counts!E8+Activity_Counts!L8+5) -> 0.38461538 | E8: =5/(Activity_Counts!E8+Activity_Counts!L8+5) -> 0.38461538 | F8: =SUM(C8:E8) -> 1
A9: AD1-C | B9: DUR_6_15 | C9: =Activity_Counts!E9/(Activity_Counts!E9+Activity_Counts!L9+5) -> 0.16129032 | D9: =Activity_Counts!L9/(Activity_Counts!E9+Activity_Counts!L9+5) -> 0.67741935 | E9: =5/(Activity_Counts!E9+Activity_Counts!L9+5) -> 0.16129032 | F9: =SUM(C9:E9) -> 1
A10: AD1-C | B10: DUR_16_45 | C10: =Activity_Counts!E10/(Activity_Counts!E10+Activity_Counts!L10+5) -> 0 | D10: =Activity_Counts!L10/(Activity_Counts!E10+Activity_Counts!L10+5) -> 0.5 | E10: =5/(Activity_Counts!E10+Activity_Counts!L10+5) -> 0.5 | F10: =SUM(C10:E10) -> 1
A11: AD1-C | B11: DUR_46_100 | C11: =Activity_Counts!E11/(Activity_Counts!E11+Activity_Counts!L11+5) -> 0 | D11: =Activity_Counts!L11/(Activity_Counts!E11+Activity_Counts!L11+5) -> 0.28571429 | E11: =5/(Activity_Counts!E11+Activity_Counts!L11+5) -> 0.71428571 | F11: =SUM(C11:E11) -> 1
A12: AD1-C | B12: DUR_101_PLUS | C12: =Activity_Counts!E12/(Activity_Counts!E12+Activity_Counts!L12+5) -> 0.14285714 | D12: =Activity_Counts!L12/(Activity_Counts!E12+Activity_Counts!L12+5) -> 0.5 | E12: =5/(Activity_Counts!E12+Activity_Counts!L12+5) -> 0.35714286 | F12: =SUM(C12:E12) -> 1
A13: D01 | B13: CLOSE | C13: =Activity_Counts!E13/(Activity_Counts!E13+Activity_Counts!L13+5) -> 0.29333333 | D13: =Activity_Counts!L13/(Activity_Counts!E13+Activity_Counts!L13+5) -> 0.64 | E13: =5/(Activity_Counts!E13+Activity_Counts!L13+5) -> 0.066666667 | F13: =SUM(C13:E13) -> 1
... A67: ACT_DUR | B67: DUR_61_120 | C67: =Activity_Counts!E67/(Activity_Counts!E67+Activity_Counts!L67+5) -> 0 | D67: =Activity_Counts!L67/(Activity_Counts!E67+Activity_Counts!L67+5) -> 0 | E67: =5/(Activity_Counts!E67+Activity_Counts!L67+5) -> 1 | F67: =SUM(C67:E67) -> 1

Sheet t2-sensor-belief-values
A1: sensor | B1: message | C1: belief | D1: disbelief | E1: uncertainty | F1: total
A2: AD1-A | B2: ACTIVE | C2: =Activity_Counts!D2/(Activity_Counts!D2+Activity_Counts!K2+5) -> 0 | D2: =Activity_Counts!K2/(Activity_Counts!D2+Activity_Counts!K2+5) -> 0.84848485 | E2: =5/(Activity_Counts!D2+Activity_Counts!K2+5) -> 0.15151515 | F2: =SUM(C2:E2) -> 1
A3: AD1-B | B3: DUR_0_5 | C3: =Activity_Counts!D3/(Activity_Counts!D3+Activity_Counts!K3+5) -> 0 | D3: =Activity_Counts!K3/(Activity_Counts!D3+Activity_Counts!K3+5) -> 0.64285714 | E3: =5/(Activity_Counts!D3+Activity_Counts!K3+5) -> 0.35714286 | F3: =SUM(C3:E3) -> 1
A4: AD1-B | B4: DUR_6_15 | C4: =Activity_Counts!D4/(Activity_Counts!D4+Activity_Counts!K4+5) -> 0.22727273 | D4: =Activity_Counts!K4/(Activity_Counts!D4+Activity_Counts!K4+5) -> 0.54545455 | E4: =5/(Activity_Counts!D4+Activity_Counts!K4+5) -> 0.22727273 | F4: =SUM(C4:E4) -> 1
A5: AD1-B | B5: DUR_16_45 | C5: =Activity_Counts!D5/(Activity_Counts!D5+Activity_Counts!K5+5) -> 0.69565217 | D5: =Activity_Counts!K5/(Activity_Counts!D5+Activity_Counts!K5+5) -> 0.086956522 | E5: =5/(Activity_Counts!D5+Activity_Counts!K5+5) -> 0.2173913 | F5: =SUM(C5:E5) -> 1
A6: AD1-B | B6: DUR_46_100 | C6: =Activity_Counts!D6/(Activity_Counts!D6+Activity_Counts!K6+5) -> 0 | D6: =Activity_Counts!K6/(Activity_Counts!D6+Activity_Counts!K6+5) -> 0.16666667 | E6: =5/(Activity_Counts!D6+Activity_Counts!K6+5) -> 0.83333333 | F6: =SUM(C6:E6) -> 1
A7: AD1-B | B7: DUR_101_PLUS | C7: =Activity_Counts!D7/(Activity_Counts!D7+Activity_Counts!K7+5) -> 0 | D7: =Activity_Counts!K7/(Activity_Counts!D7+Activity_Counts!K7+5) -> 0.85294118 | E7: =5/(Activity_Counts!D7+Activity_Counts!K7+5) -> 0.14705882 | F7: =SUM(C7:E7) -> 1
A8: AD1-C | B8: DUR_0_5 | C8: =Activity_Counts!D8/(Activity_Counts!D8+Activity_Counts!K8+5) -> 0 | D8: =Activity_Counts!K8/(Activity_Counts!D8+Activity_Counts!K8+5) -> 0.61538462 | E8: =5/(Activity_Counts!D8+Activity_Counts!K8+5) -> 0.38461538 | F8: =SUM(C8:E8) -> 1
A9: AD1-C | B9: DUR_6_15 | C9: =Activity_Counts!D9/(Activity_Counts!D9+Activity_Counts!K9+5) -> 0.064516129 | D9: =Activity_Counts!K9/(Activity_Counts!D9+Activity_Counts!K9+5) -> 0.77419355 | E9: =5/(Activity_Counts!D9+Activity_Counts!K9+5) -> 0.16129032 | F9: =SUM(C9:E9) -> 1
A10: AD1-C | B10: DUR_16_45 | C10: =Activity_Counts!D10/(Activity_Counts!D10+Activity_Counts!K10+5) -> 0.3 | D10: =Activity_Counts!K10/(Activity_Counts!D10+Activity_Counts!K10+5) -> 0.2 | E10: =5/(Activity_Counts!D10+Activity_Counts!K10+5) -> 0.5 | F10: =SUM(C10:E10) -> 1
A11: AD1-C | B11: DUR_46_100 | C11: =Activity_Counts!D11/(Activity_Counts!D11+Activity_Counts!K11+5) -> 0 | D11: =Activity_Counts!K11/(Activity_Counts!D11+Activity_Counts!K11+5) -> 0.28571429 | E11: =5/(Activity_Counts!D11+Activity_Counts!K11+5) -> 0.71428571 | F11: =SUM(C11:E11) -> 1
A12: AD1-C | B12: DUR_101_PLUS | C12: =Activity_Counts!D12/(Activity_Counts!D12+Activity_Counts!K12+5) -> 0 | D12: =Activity_Counts!K12/(Activity_Counts!D12+Activity_Counts!K12+5) -> 0.64285714 | E12: =5/(Activity_Counts!D12+Activity_Counts!K12+5) -> 0.35714286 | F12: =SUM(C12:E12) -> 1
A13: D01 | B13: CLOSE | C13: =Activity_Counts!D13/(Activity_Counts!D13+Activity_Counts!K13+5) -> 0.013333333 | D13: =Activity_Counts!K13/(Activity_Counts!D13+Activity_Counts!K13+5) -> 0.92 | E13: =5/(Activity_Counts!D13+Activity_Counts!K13+5) -> 0.066666667 | F13: =SUM(C13:E13) -> 1
... A67: ACT_DUR | B67: DUR_61_120 | C67: =Activity_Counts!D67/(Activity_Counts!D67+Activity_Counts!K67+5) -> 0 | D67: =Activity_Counts!K67/(Activity_Counts!D67+Activity_Counts!K67+5) -> 0 | E67: =5/(Activity_Counts!D67+Activity_Counts!K67+5) -> 1 | F67: =SUM(C67:E67) -> 1

Sheet t1-sensor-belief-values
A1: sensor | B1: message | C1: belief | D1: disbelief | E1: uncertainty | F1: total
A2: AD1-A | B2: ACTIVE | C2: =Activity_Counts!C2/(Activity_Counts!C2+Activity_Counts!J2+5) -> 0 | D2: =Activity_Counts!J2/(Activity_Counts!C2+Activity_Counts!J2+5) -> 0.84848485 | E2: =5/(Activity_Counts!C2+Activity_Counts!J2+5) -> 0.15151515 | F2: =SUM(C2:E2) -> 1
A3: AD1-B | B3: DUR_0_5 | C3: =Activity_Counts!C3/(Activity_Counts!C3+Activity_Counts!J3+5) -> 0 | D3: =Activity_Counts!J3/(Activity_Counts!C3+Activity_Counts!J3+5) -> 0.64285714 | E3: =5/(Activity_Counts!C3+Activity_Counts!J3+5) -> 0.35714286 | F3: =SUM(C3:E3) -> 1
A4: AD1-B | B4: DUR_6_15 | C4: =Activity_Counts!C4/(Activity_Counts!C4+Activity_Counts!J4+5) -> 0 | D4: =Activity_Counts!J4/(Activity_Counts!C4+Activity_Counts!J4+5) -> 0.77272727 | E4: =5/(Activity_Counts!C4+Activity_Counts!J4+5) -> 0.22727273 | F4: =SUM(C4:E4) -> 1
A5: AD1-B | B5: DUR_16_45 | C5: =Activity_Counts!C5/(Activity_Counts!C5+Activity_Counts!J5+5) -> 0 | D5: =Activity_Counts!J5/(Activity_Counts!C5+Activity_Counts!J5+5) -> 0.7826087 | E5: =5/(Activity_Counts!C5+Activity_Counts!J5+5) -> 0.2173913 | F5: =SUM(C5:E5) -> 1
A6: AD1-B | B6: DUR_46_100 | C6: =Activity_Counts!C6/(Activity_Counts!C6+Activity_Counts!J6+5) -> 0 | D6: =Activity_Counts!J6/(Activity_Counts!C6+Activity_Counts!J6+5) -> 0.16666667 | E6: =5/(Activity_Counts!C6+Activity_Counts!J6+5) -> 0.83333333 | F6: =SUM(C6:E6) -> 1
A7: AD1-B | B7: DUR_101_PLUS | C7: =Activity_Counts!C7/(Activity_Counts!C7+Activity_Counts!J7+5) -> 0 | D7: =Activity_Counts!J7/(Activity_Counts!C7+Activity_Counts!J7+5) -> 0.85294118 | E7: =5/(Activity_Counts!C7+Activity_Counts!J7+5) -> 0.14705882 | F7: =SUM(C7:E7) -> 1
A8: AD1-C | B8: DUR_0_5 | C8: =Activity_Counts!C8/(Activity_Counts!C8+Activity_Counts!J8+5) -> 0 | D8: =Activity_Counts!J8/(Activity_Counts!C8+Activity_Counts!J8+5) -> 0.61538462 | E8: =5/(Activity_Counts!C8+Activity_Counts!J8+5) -> 0.38461538 | F8: =SUM(C8:E8) -> 1
A9: AD1-C | B9: DUR_6_15 | C9: =Activity_Counts!C9/(Activity_Counts!C9+Activity_Counts!J9+5) -> 0 | D9: =Activity_Counts!J9/(Activity_Counts!C9+Activity_Counts!J9+5) -> 0.83870968 | E9: =5/(Activity_Counts!C9+Activity_Counts!J9+5) -> 0.16129032 | F9: =SUM(C9:E9) -> 1
A10: AD1-C | B10: DUR_16_45 | C10: =Activity_Counts!C10/(Activity_Counts!C10+Activity_Counts!J10+5) -> 0 | D10: =Activity_Counts!J10/(Activity_Counts!C10+Activity_Counts!J10+5) -> 0.5 | E10: =5/(Activity_Counts!C10+Activity_Counts!J10+5) -> 0.5 | F10: =SUM(C10:E10) -> 1
A11: AD1-C | B11: DUR_46_100 | C11: =Activity_Counts!C11/(Activity_Counts!C11+Activity_Counts!J11+5) -> 0 | D11: =Activity_Counts!J11/(Activity_Counts!C11+Activity_Counts!J11+5) -> 0.28571429 | E11: =5/(Activity_Counts!C11+Activity_Counts!J11+5) -> 0.71428571 | F11: =SUM(C11:E11) -> 1
A12: AD1-C | B12: DUR_101_PLUS | C12: =Activity_Counts!C12/(Activity_Counts!C12+Activity_Counts!J12+5) -> 0 | D12: =Activity_Counts!J12/(Activity_Counts!C12+Activity_Counts!J12+5) -> 0.64285714 | E12: =5/(Activity_Counts!C12+Activity_Counts!J12+5) -> 0.35714286 | F12: =SUM(C12:E12) -> 1
A13: D01 | B13: CLOSE | C13: =Activity_Counts!C13/(Activity_Counts!C13+Activity_Counts!J13+5) -> 0 | D13: =Activity_Counts!J13/(Activity_Counts!C13+Activity_Counts!J13+5) -> 0.93333333 | E13: =5/(Activity_Counts!C13+Activity_Counts!J13+5) -> 0.066666667 | F13: =SUM(C13:E13) -> 1
... A67: ACT_DUR | B67: DUR_61_120 | C67: =Activity_Counts!C67/(Activity_Counts!C67+Activity_Counts!J67+5) -> 0 | D67: =Activity_Counts!J67/(Activity_Counts!C67+Activity_Counts!J67+5) -> 0 | E67: =5/(Activity_Counts!C67+Activity_Counts!J67+5) -> 1 | F67: =SUM(C67:E67) -> 1
